{"uVT8KFwL":null,"dYeSpW6f":"2020-11-23 23:59:59","kmhUE3JT":"ptea9pvn3cJa2+qavWKwRY845vdoXDukpLrkjz5kmleJIU1VZthEB0pUm1yNuIjftx4qxjkGmAVGD\/GVH0XOcc4L2qVPeJxMdZj1P0Jc91dR+PS27GbMfNoSjjDUNPZtI2Wj8rkxK8rsiA7U13OxuPqrXVXsNJVHWVXbs+WSrnQP00MpG44BAgn3nfWa31Phq1Z\/Ea\/nc2Cqi8l+IpWw16rD5qVhGHG7U\/Vu5LgGP3440lsoBzh\/OS7jT2\/3Ur7zgvr721oWKAe0JjzEcbn52\/15pO7dpRIiEt0UM5UZ6ogP2XEYCJ1rsDjCQL9dt0chAST9gCxXbKYcfUdZJDMuYw==","nG7kamcb":"75d00f54338c68770e215c8047c5e6ea81c5ca9d","pkARv9mK":"cff63bbfcfe5485cbedd31493431bab1","g8KqKR9R":null}